Query Name,Similar Domains
bengals.com,"nflplayerengagement.com, therams.com, buffalobills.com, nfl.biz, nflplayercare.com, azcardinals.com, nflonlocation.com, playfootball.com, nflrush.com, nflexperience.com"
huffingtonpost.com,"huffpost.com, r29.com, handsoffix.org, mucdn.net, designplx.com, mybjswholesale.com, cookrecorder.com, killerpickles.com, ruleoflawrepublicans.com, grantstern.com"
elle.com,"hbr.org, getpocket.com, theintercept.com, nextadvisor.com, longreads.com, theringer.com, lithub.com, scientificamerican.com, thepointsguy.com, lifehacker.com"
medicinenet.com,"honcode.ch, webmd.com, rxlist.com, medscape.com, medscapestatic.com, contentquest.net, contentquery.net, emedicinehealth.com, medscape.fr, swoop-amp.com"
rent.com,"rentpathcdn.com, rentpathcode.com, primedia.com, consumersource.com, yapstone.com, cordevalleapartments.com, rentpathservices.com, rentals.com, apartmentguide.com, static-ziprealty.com"
match.com,"peoplemedia.com, hexagon-analytics.com, ourtime.com, siftscience.com, singleparentmeet.com, backwoodsbound.com, ColoState.Edu, amateurmature.info, 9ec6141f-2a86-4f62-ab34-50ab2cf439d5.com, zoosk.com"
hotels.com,"cdn-hotels.com, expedia.com, hoteles.com, travel-assets.com, trvl-media.com, orbitz.com, uciservice.com, travelocity.com, joinecsc.com, hptk.us"
uber.com,"ubr.to, ig.me, bttn.io, test-app.link, bnc.lt, m.me, adj.st, zoma.to, onelink.me, gbpg.net"
kohls.com,"kohlsimg.com, zineone.com, zootweb.com, straincoach.com, firstdataapps.com, kohlslocal.com, addressy.com, easyhealthllc.com, dmtry.com, jupiterschild.com"
ancestry.com,"ancestrycdn.com, ancestry.ca, findagrave.com, ftmcloud.com, midatlanticmaidservice.com, ethn.io, lytics.io, rootsweb.blog, framedguidons.com, taxplancalculator.com"
ups.com,"webtrendslive.com, hairtobeauty.com, speedtrap.org, tractorsupply.com, junecloud.com, visitnapavalley.com, narvar.com, defendantnerve.com, stagestores.com, ups-ebill.upscom"
costco.com,"costco-static.com, whatcounts.com, hansons.com, berryoffers-partner.eu, mobilecontentcostco.com, sellpoints.com, myregistry.com, krogermail.com, softcoin.com, sellpoint.net"
bankrate.com,"brimg.net, pr.report, wsod.com, smartasset.com, brstatic.com, wsoddata.com, myfinance.com, thestockmarketwatch.com, hustisfordstatebank.com, smartmoney.com"
ny.gov,"amvets.org, icsenforcer.com, successed.net, ilsos.gov, bayfieldcounty.org, fryingpangames.com, hgcenterforthearts.org, wendangku.net, hlcommission.org, tomahwisconsin.com"
samsclub.com,"samsclubresources.com, healthylivingmadesimple.com, samsclubcontacts.com, samsclubms.com, bstocksolutions.com, triadretail.net, wal.co, delivery.net, wmtcdev.com, 178.161"
groupon.com,"grouponcdn.com, groupondata.com, joyofapple.com, groupon.ca, asa21.com, timeclockfree.com, 2512230.244, kalevameats.com, groupon.ae, lacomedia.com"
cnn.com,"cnn.io, turner.com, ugdturner.com, slcc.ca, avalanchebrewing.com, bigskyresort.com, skiutah.com, cnn.net, enfield-ct.gov, chipublib.org"
glassdoor.com,"indeed.com, ziprecruiter.com, servpro.com, glassdoor.fr, appcast.io, uaw.org, directionconsultingservices.com, jobs2careers.com, gd-static.com, christianjobs.com"
yelp.com,"wrightlegal.net, datarecovery.com, yelpcdn.com, 2510.95, animalhumanesociety.org, csbj.com, wushushaolinkungfu.com, braze.com, bnbfinder.com, joehallford.com"
ixl.com,"creativindiecovers.com, emediava.org, buschgardens.com, wholecelebwiki.com, buyqball.com, generationgenius.com, teacherspayteachers.com, freeaudio.org, funbrain.com, lessonplanet.com"
buffalo.edu,"ndchost.com, team-cymru.com, servint.com, hostduplex.com, keystealth.org, 1gservers.com, usinternet.com, vwtonline.net, cisp.com, umflint.edu"
230.244,"230.241, 12230.244, 2512230.244, 65.234, 4.230, 172.180, 2127230.61, 230.0, 152.7, 118.155"
musical.ly,"byteoversea.com, tiktokv.com, muscdn.com, toutiao.com, ibytedtos.com, pstatp.com, bytedance.com, snssdk.com, dl.com, kunlunca.com"
imoji.io,"musical.ly, 2537.16, 25200.4, byteoversea.com, scimo.io, tiktokv.com, muscdn.com, idfg.com, ibytedtos.com, 116.150"
epicgames.com,"unrealengine.com, vivox.com, 212754.187, 212780.170, midco.net, 2127203.17, 132.201, monero.gt, 9b7d366e-caaf-4fc9-9e56-91a4ef84907f.com, maxfile.info"
